1,138fB5315da5fE9,Jeanne,Ferrell,Wilcox-Fox,Tonichester,British Virgin Islands,001-995-820-0140x05493,(757)324-8634,aaronwoods@walter.com,2020-03-27,https://www.romero.biz/
2,b0d61acAc72A388,Ian,Browning,Meadows Inc,Colontown,El Salvador,218-383-6764,+1-213-212-0464x0742,zschultz@blevins-church.info,2021-03-12,https://ford.com/
3,1B27Ff7Fd418C89,Taylor,Martinez,Nicholson Inc,East Evelyn,Marshall Islands,+1-455-875-7024,(783)689-6710x09859,monicacoffey@moody.com,2021-08-29,http://love-morales.com/
4,eff8bbcED3eacD8,Andre,Mccall,Cooper Ltd,New Luis,Colombia,(334)358-5162x861,016-422-2338,parkerdiana@orr.net,2020-05-29,http://vaughan.biz/
5,73ee6AaCAcea39C,Alyssa,Mcneil,"Arnold, Neal and Reed",New Jay,Netherlands Antilles,+1-344-219-8095x764,001-178-547-0380x10666,janephillips@nicholson-franklin.com,2020-11-10,http://ibarra-adkins.com/
6,e4A1fb3fA732CED,Marisa,West,Stanley PLC,Dalemouth,Morocco,+1-211-391-0983x663,701-169-4514,matthew73@rush.info,2020-07-09,http://www.holland-ochoa.org/
7,dC9dbfa601b71b5,Jaclyn,Branch,Ballard LLC,East Jacquelineberg,Bulgaria,3552675231,+1-769-658-2475x78782,hrobbins@hodge.com,2020-05-07,https://patrick-whitehead.com/
8,38ce8fA0e07AdEe,Billy,Stone,"Decker, Frederick and Pittman",Tammieburgh,Cayman Islands,109.506.0401x9595,405.634.9674,kmcneil@hendrix-callahan.biz,2021-11-06,http://www.stout.com/
9,134e7E02Ccb2614,Cristian,Waters,Bright LLC,Shaneville,Uruguay,(569)288-1186x339,371.412.4418,wanda26@rios.com,2020-03-06,https://www.clarke-davis.com/
10,BAd847028B01cCF,Edward,Meza,Moore PLC,New Jade,Puerto Rico,+1-753-511-1815x4880,388.374.1422x28744,sheilarios@myers.biz,2021-07-15,https://farley.com/
